-- phpMyAdmin SQL Dump
-- version 4.9.2
-- https://www.phpmyadmin.net/
--
-- Host: 127.0.0.1
-- Generation Time: Apr 09, 2020 at 01:59 PM
-- Server version: 10.4.11-MariaDB
-- PHP Version: 7.2.26

SET SQL_MODE = "NO_AUTO_VALUE_ON_ZERO";
SET AUTOCOMMIT = 0;
START TRANSACTION;
SET time_zone = "+00:00";


/*!40101 SET @OLD_CHARACTER_SET_CLIENT=@@CHARACTER_SET_CLIENT */;
/*!40101 SET @OLD_CHARACTER_SET_RESULTS=@@CHARACTER_SET_RESULTS */;
/*!40101 SET @OLD_COLLATION_CONNECTION=@@COLLATION_CONNECTION */;
/*!40101 SET NAMES utf8mb4 */;

--
-- Database: `subquery`
--

-- --------------------------------------------------------

--
-- Table structure for table `ambil_mk`
--

CREATE TABLE `ambil_mk` (
  `nim` int(5) NOT NULL,
  `kode_mk` varchar(10) NOT NULL
) ENGINE=MyISAM DEFAULT CHARSET=utf8mb4;

--
-- Dumping data for table `ambil_mk`
--

INSERT INTO `ambil_mk` (`nim`, `kode_mk`) VALUES
(101, 'PTI447'),
(103, 'TIK333'),
(104, 'PTI333'),
(104, 'PTI777'),
(111, 'PTI123'),
(123, 'PTI999');

-- --------------------------------------------------------

--
-- Table structure for table `dosen`
--

CREATE TABLE `dosen` (
  `kode_dos` int(5) NOT NULL,
  `nama_dos` varchar(30) NOT NULL,
  `alamat_dos` varchar(30) NOT NULL
) ENGINE=MyISAM DEFAULT CHARSET=utf8mb4;

--
-- Dumping data for table `dosen`
--

INSERT INTO `dosen` (`kode_dos`, `nama_dos`, `alamat_dos`) VALUES
(10, 'Suharto', 'Jl. Jombang'),
(11, 'Martono', 'Jl. Kalpataru'),
(12, 'Rahmawati', 'Jl. Jakarta'),
(13, 'Bambang', 'Jl. Bandung'),
(14, 'Nurul', 'Jl. Raya Tidar');

-- --------------------------------------------------------

--
-- Table structure for table `jurusan`
--

CREATE TABLE `jurusan` (
  `kode_jur` varchar(5) NOT NULL,
  `nama_jur` varchar(30) NOT NULL,
  `kode_dos` int(5) NOT NULL
) ENGINE=MyISAM DEFAULT CHARSET=utf8mb4;

--
-- Dumping data for table `jurusan`
--

INSERT INTO `jurusan` (`kode_jur`, `nama_jur`, `kode_dos`) VALUES
('TE', 'Teknik Elektro', 10),
('TM', 'Teknik Mesin', 13),
('TS', 'Teknik Sipil', 23);

-- --------------------------------------------------------

--
-- Table structure for table `mahasiswa`
--

CREATE TABLE `mahasiswa` (
  `nim` int(10) NOT NULL,
  `nama` varchar(50) NOT NULL,
  `jenis_kelamin` varchar(3) NOT NULL,
  `alamat` varchar(50) NOT NULL
) ENGINE=MyISAM DEFAULT CHARSET=utf8mb4;

--
-- Dumping data for table `mahasiswa`
--

INSERT INTO `mahasiswa` (`nim`, `nama`, `jenis_kelamin`, `alamat`) VALUES
(101, 'Arif', 'L', 'Jl. Kenangan'),
(102, 'Budi', 'L', 'Jl. Jombang'),
(103, 'Wati', 'P', 'Jl. Surabaya'),
(104, 'Ika', 'P', 'Jl. Jombang'),
(105, 'Tono', 'L', 'Jl. Jakarta'),
(106, 'Iwan', 'L', 'Jl. Bandung'),
(107, 'Sari', 'P', 'Jl. Malang');

-- --------------------------------------------------------

--
-- Table structure for table `matakuliah`
--

CREATE TABLE `matakuliah` (
  `kode_mk` varchar(10) NOT NULL,
  `nama_mk` varchar(50) NOT NULL,
  `sks` int(5) NOT NULL,
  `semester` int(5) NOT NULL,
  `kode_dos` int(10) NOT NULL
) ENGINE=MyISAM DEFAULT CHARSET=utf8mb4;

--
-- Dumping data for table `matakuliah`
--

INSERT INTO `matakuliah` (`kode_mk`, `nama_mk`, `sks`, `semester`, `kode_dos`) VALUES
('PTI447', 'Praktikum Basis Data', 1, 3, 11),
('TIK342', 'Praktikum Basis Data', 1, 3, 11),
('PTI333', 'Basis Data Terdistribusi', 3, 5, 10),
('TIK123', 'Jaringan Komputer', 2, 5, 33),
('TIK333', 'Sistem Operasi', 3, 5, 10),
('PTI123', 'Grafika Muktimedia', 3, 5, 12),
('PTI777', 'Sistem Informasi', 2, 3, 99);

--
-- Indexes for dumped tables
--

--
-- Indexes for table `ambil_mk`
--
ALTER TABLE `ambil_mk`
  ADD KEY `nim` (`nim`);

--
-- Indexes for table `dosen`
--
ALTER TABLE `dosen`
  ADD PRIMARY KEY (`kode_dos`);

--
-- Indexes for table `jurusan`
--
ALTER TABLE `jurusan`
  ADD PRIMARY KEY (`kode_jur`);

--
-- Indexes for table `mahasiswa`
--
ALTER TABLE `mahasiswa`
  ADD PRIMARY KEY (`nim`);

--
-- Indexes for table `matakuliah`
--
ALTER TABLE `matakuliah`
  ADD PRIMARY KEY (`kode_mk`);
COMMIT;

/*!40101 SET CHARACTER_SET_CLIENT=@OLD_CHARACTER_SET_CLIENT */;
/*!40101 SET CHARACTER_SET_RESULTS=@OLD_CHARACTER_SET_RESULTS */;
/*!40101 SET COLLATION_CONNECTION=@OLD_COLLATION_CONNECTION */;
